"DataIncontro","SquadraA","SquadraB","EsitoIncontro","EsitoIncontroPerML","PercAttaccoA","PercAttaccoB","PercMuroA","PercMuroB","PercBattutaA","PercBattutaB"
"2013-09-24 17:30:00","4982","4977","0-3","3","24","32","0","-9","3","-1"
"2013-09-26 00:00:00","4991","MODE","3-2","2","31","29","0","-4","21","28"
"2013-09-28 00:00:00","4991","4995","1-3","4","30","40","-13","22","0","11"
"2013-09-28 18:00:00","CAS","ALESS","1-3","4","33","24","-4","7","0","11"
"2013-09-28 20:00:00","VIB","4988","3-1","1","31","24","22","-2","6","25"
"2013-09-29 17:00:00","4988","4992","1-3","4","32","36","-16","-18","-2","3"
"2013-09-29 18:00:00","4989","MAT","3-2","2","25","18","27","6","5","-5"
"2013-10-03 00:00:00","4991","4833","3-1","1","33","27","5","-3","9","18"
"2013-10-05 17:00:00","4982","4989","3-1","1","38","29","25","6","9","-3"
"2013-10-05 18:00:00","CAS","MAT","1-3","4","22","34","-6","3","-3","3"
"2013-10-09 00:00:00","4991","LUG","2-3","5","26","34","-12","5","14","3"
"2013-10-09 00:00:00","CAS","ALESS","3-1","1","42","16","2","-21","4","12"
"2013-10-12 00:00:00","4988","4972","0-3","3","22","50","-38","-17","-7","4"
"2013-10-12 00:00:00","4991","LUG","0-3","3","19","32","2","9","3","5"
"2013-10-12 17:00:00","4987","0001","0-3","3","23","40","-20","-8","28","20"
"2013-10-12 18:00:00","CAS","COR","3-0","0","29","31","3","-16","8","-13"
"2013-10-13 17:00:00","4995","LUG","1-3","4","31","38","-9","-5","7","10"
"2013-10-13 18:00:00","4989","4982","0-3","3","28","43","10","10","8","16"
"2013-10-20 00:00:00","4982","4987","3-2","2","31","30","11","-3","17","4"
"2013-10-20 00:00:00","4994","4991","0-3","3","11","28","-15","17","16","-1"
"2013-10-20 18:00:00","4983","4984","0-3","3","16","43","3","5","-9","15"
"2013-10-20 18:00:00","4993","4988","0-3","3","22","43","-29","9","-7","11"
"2013-10-20 18:00:00","4995","4985","3-0","0","41","27","11","-11","8","8"
"2013-10-26 20:30:00","4988","4995","1-3","4","17","30","5","10","7","5"
"2013-10-27 18:00:00","4982","4983","3-0","0","31","40","-9","-20","25","-6"
"2013-10-27 18:00:00","4985","4987","0-3","3","18","45","-24","31","15","12"
"2013-10-27 18:00:00","4989","4994","3-0","0","43","19","3","-18","14","-2"
"2013-10-27 18:00:00","4993","4991","0-3","3","15","32","7","13","6","9"
"2013-11-03 00:00:00","4983","4988","0-3","3","26","44","15","-8","-2","15"
"2013-11-03 18:00:00","4991","4989","3-2","2","32","33","2","13","13","26"
"2013-11-03 18:00:00","4993","4982","1-3","4","32","36","15","13","2","16"
"2013-11-03 18:00:00","4994","4984","3-1","1","48","28","0","-21","18","5"
"2013-11-03 18:00:00","4995","4987","1-3","4","13","32","-2","41","1","5"
"2013-11-10 00:00:00","4983","4995","1-3","4","16","31","10","18","13","13"
"2013-11-10 18:00:00","4982","4985","3-0","0","45","35","-5","14","-1","-6"
"2013-11-10 18:00:00","4988","4989","3-0","0","49","18","20","-25","-15","-2"
"2013-11-10 18:00:00","4990","4994","3-1","1","39","25","-7","-7","6","1"
"2013-11-10 18:00:00","4993","4987","1-3","4","28","41","-17","-5","10","4"
"2013-11-17 18:00:00","4989","4985","3-1","1","38","24","8","-31","8","10"
"2013-11-17 18:00:00","4990","4987","3-0","0","40","25","8","-10","26","16"
"2013-11-17 18:00:00","4991","4983","3-1","1","35","12","2","-22","7","16"
"2013-11-17 18:00:00","4993","4995","2-3","5","33","27","7","0","3","11"
"2013-11-17 18:00:00","4994","4988","3-0","0","42","21","7","-9","14","11"
"2013-11-24 00:00:00","4985","4991","1-3","4","25","38","-13","8","15","19"
"2013-11-24 18:00:00","4982","4990","2-3","5","36","38","18","8","3","3"
"2013-11-24 18:00:00","4987","4994","3-0","0","36","3","41","9","9","-10"
"2013-11-24 18:00:00","4988","4984","0-3","3","29","28","-13","-21","3","9"
"2013-11-24 18:00:00","4993","4983","2-3","5","25","17","1","-7","10","10"
"2013-11-24 18:00:00","4995","4989","1-3","4","22","27","-5","13","2","12"
"2013-11-30 20:30:00","4984","4985","3-0","0","39","13","24","0","13","2"
"2013-12-01 18:00:00","4990","4995","3-0","0","38","15","-17","0","11","-7"
"2013-12-01 18:00:00","4993","4989","1-3","4","21","30","2","10","13","15"
"2013-12-01 18:00:00","4994","4983","3-0","0","54","14","31","-30","7","8"
"2013-12-08 00:00:00","4982","4991","1-3","4","13","36","-5","33","4","6"
"2013-12-08 18:00:00","4983","4990","3-2","2","30","36","-10","11","7","5"
"2013-12-08 18:00:00","4993","4994","3-0","0","23","27","-10","5","18","-7"
"2013-12-08 18:00:00","4995","4984","1-3","4","35","38","-8","10","9","5"
"2013-12-15 18:00:00","4989","4984","0-3","3","11","29","31","19","18","3"
"2013-12-15 18:00:00","4993","4990","2-3","5","26","39","0","2","7","10"
"2013-12-15 18:00:00","4994","4985","3-2","2","29","23","-3","-10","1","14"
"2013-12-15 18:00:00","4995","4982","3-0","0","38","27","2","-9","0","1"
"2013-12-22 18:00:00","4984","4987","0-3","3","12","29","17","17","12","19"
"2013-12-22 18:00:00","4991","4995","3-2","2","38","26","-18","-12","9","10"
"2013-12-22 18:00:00","4993","4985","3-2","2","34","32","-6","-15","17","12"
"2013-12-22 18:00:00","4994","4982","3-0","0","45","21","17","20","20","10"
"2013-12-26 00:00:00","4989","4982","3-1","1","26","24","3","4","24","20"
"2013-12-26 00:00:00","4990","4991","3-2","2","27","32","-9","-9","3","4"
"2013-12-26 18:00:00","4982","4989","1-3","4","24","26","4","3","17","23"
"2013-12-26 18:00:00","4993","4984","1-3","4","24","21","-11","9","10","4"
"2013-12-26 18:00:00","4995","4994","1-3","4","36","29","10","-11","3","14"
"2013-12-28 18:00:00","4993","PULSA","1-3","4","24","29","-14","0","15","9"
"2013-12-29 17:30:00","4984","4983","3-2","2","28","31","2","6","16","8"
"2013-12-29 18:00:00","4985","4995","0-3","3","16","45","-3","26","-9","14"
"2013-12-29 18:00:00","4987","4982","3-2","2","31","22","11","2","14","11"
"2013-12-29 18:00:00","4991","4994","1-3","4","14","34","-11","21","13","2"
"2014-01-05 17:30:00","4987","4985","3-0","0","43","16","45","-11","29","6"
"2014-01-05 18:00:00","4983","4982","3-0","0","47","10","25","-19","11","9"
"2014-01-05 18:00:00","4993","4991","2-3","5","25","30","13","10","16","-2"
"2014-01-05 18:00:00","4994","4989","2-3","5","33","22","19","9","8","12"
"2014-01-11 16:30:00","4987","4990","0-3","3","16","50","-17","8","20","-1"
"2014-01-19 18:00:00","4984","4994","2-3","5","27","32","8","0","-2","14"
"2014-01-19 18:00:00","4987","4995","3-1","1","40","26","8","-28","5","-1"
"2014-01-19 18:00:00","4989","4991","0-3","3","26","59","-24","13","23","7"
"2014-01-19 18:00:00","4993","4982","1-3","4","20","23","-5","26","21","13"
"2014-01-26 00:00:00","4995","4983","3-2","2","25","17","22","-4","19","9"
"2014-01-26 18:00:00","4993","4987","3-1","1","34","25","-7","9","-4","1"
"2014-01-26 18:00:00","4994","4990","2-3","5","30","31","0","2","3","15"
"2014-02-02 00:00:00","4983","4991","1-3","4","24","34","-14","30","3","-1"
"2014-02-02 00:00:00","4985","4989","0-3","3","7","38","-17","13","2","24"
"2014-02-02 18:00:00","4987","4990","3-1","1","28","26","14","17","5","13"
"2014-02-02 18:00:00","4993","4995","1-3","4","29","41","-17","-7","1","14"
"2014-02-09 00:00:00","4989","4995","3-0","0","50","37","-37","-10","9","5"
"2014-02-09 18:00:00","4990","4982","3-1","1","32","32","2","2","-2","9"
"2014-02-09 18:00:00","4991","4985","3-0","0","42","10","12","8","26","4"
"2014-02-09 18:00:00","4993","4983","3-0","0","35","11","11","-30","16","-18"
"2014-02-09 18:00:00","4994","4987","1-3","4","38","38","-5","-6","4","5"
"2014-02-12 00:00:00","4993","4984","3-1","1","22","14","23","-3","-1","-3"
"2014-02-16 00:00:00","4987","4991","3-2","2","26","34","-9","17","17","-2"
"2014-02-16 18:00:00","4983","4994","1-3","4","23","28","26","17","-4","13"
"2014-02-16 18:00:00","4985","4984","1-3","4","20","32","-21","5","8","26"
"2014-02-16 18:00:00","4993","4989","3-2","2","28","22","-5","-4","5","5"
"2014-02-16 18:00:00","4995","4990","2-3","5","21","43","-15","11","18","3"
"2014-02-23 18:00:00","4984","4995","3-1","1","39","40","-4","-26","14","-7"
"2014-02-23 18:00:00","4987","4989","1-3","4","30","45","-4","-16","11","15"
"2014-02-23 18:00:00","4990","4983","3-0","0","34","20","-12","-5","-12","-9"
"2014-02-23 18:00:00","4993","4994","3-2","2","28","28","-13","-5","4","1"
"2014-03-02 00:00:00","4985","4994","0-3","3","5","41","-8","37","7","9"
"2014-03-02 18:00:00","4983","4987","1-3","4","30","31","-15","15","6","17"
"2014-03-02 18:00:00","4984","4989","3-0","0","51","22","17","-25","8","20"
"2014-03-02 18:00:00","4993","4990","2-3","5","21","31","15","13","17","5"
"2014-03-09 18:00:00","4987","4984","3-2","2","24","17","27","-1","16","6"
"2014-03-09 18:00:00","4993","4985","3-1","1","39","30","-11","-5","18","-2"
"2014-03-16 00:00:00","4993","4984","3-2","2","34","38","-29","-4","8","-5"
"2014-03-16 18:00:00","4985","4983","3-2","2","25","25","-15","-13","14","14"
"2014-03-19 20:30:00","4993","4985","3-0","0","41","31","11","-12","30","5"
"2014-03-23 00:00:00","4993","4985","1-3","4","28","29","5","2","13","18"
"2014-03-26 20:30:00","4993","4985","3-0","0","26","28","-14","-9","17","-3"
"2014-03-30 18:00:00","4993","4987","0-3","3","33","34","-14","29","5","14"
"2014-04-02 20:30:00","4993","4987","2-3","5","31","27","-5","-6","11","7"
"2014-04-26 16:00:00","TREP","MATE","3-0","0","37","9","4","-12","12","21"
"2014-05-22 00:00:00","00001","00005","3-0","0","40","8","18","-44","20","6"
"2014-05-22 00:00:00","SIR","ORTON","3-2","2","22","23","-33","-19","27","31"
"2014-05-22 09:30:00","MACER","PERUG","3-1","1","28","15","-2","4","16","-1"
"2014-05-22 11:45:00","00004","00003","0-3","3","15","46","-10","4","6","21"
"2014-05-22 15:00:00","00002","00005","1-3","4","10","19","-17","19","10","5"
"2014-05-22 17:15:00","00004","00001","0-3","3","17","40","-10","-8","7","34"
"2014-05-22 17:15:00","MACER","MONZA","3-1","1","27","13","7","0","-3","8"
"2014-05-22 19:30:00","00002","00003","2-3","5","19","18","24","-7","1","20"
"2014-05-23 09:00:00","00002","00001","0-3","3","-5","24","4","24","-8","14"
"2014-05-23 11:30:00","00005","00003","0-3","3","19","40","-19","10","11","31"
"2014-05-23 15:00:00","00002","00004","3-0","0","42","9","21","-38","23","-2"
"2014-05-23 17:30:00","00001","00003","3-1","1","27","13","8","9","16","17"
"2014-05-24 14:00:00","00002","00006","3-0","0","27","14","-2","-13","15","5"
"2014-05-24 17:00:00","00007","00003","3-1","1","36","9","32","14","11","19"
"2014-06-05 00:00:00","00002","00009","3-0","0","33","26","-17","-28","26","17"
"2014-06-05 00:00:00","PERUG","00010","1-3","4","33","42","-13","-14","15","21"
"2014-06-05 16:00:00","00009","00010","0-3","3","14","62","-64","17","11","21"
"2014-06-05 18:00:00","00002","PERUG","3-0","0","38","16","5","7","31","18"
"2014-06-06 00:00:00","00002","00010","0-3","3","16","41","-3","9","12","7"
"2014-06-06 00:00:00","00002","00011","1-3","4","19","27","-2","-13","9","3"
"2014-09-13 18:00:00","5120","5116","1-3","4","24","34","-14","18","-1","7"
"2014-09-19 17:00:00","4981","COR","1-3","4","22","38","-2","0","18","12"
"2014-09-19 17:00:00","5116","5122","3-1","1","36","22","10","-10","5","11"
"2014-09-20 00:00:00","5120","5122","2-3","5","27","29","-15","-7","6","13"
"2014-09-20 18:00:00","5117","5129","3-1","1","31","22","-5","-22","20","-4"
"2014-09-27 00:00:00","5117","5129","3-1","1","25","33","-11","10","22","2"
"2014-10-03 20:30:00","CAGLI","BRESC","0-3","3","16","48","-26","-21","35","33"
"2014-10-04 20:30:00","5116","5113","3-1","1","29","28","4","-32","18","1"
"2014-10-05 19:30:00","5116","5106","0-3","3","24","38","-11","-32","15","23"
"2014-10-08 18:00:00","5120","5128","1-3","4","16","13","8","9","10","7"
"2014-10-10 17:30:00","5122","5116","3-1","1","40","24","20","-36","6","6"
"2014-10-11 00:00:00","5120","5118","3-2","2","23","16","-5","18","4","4"
"2014-10-11 17:00:00","5122","5128","1-3","4","22","23","0","16","6","6"
"2014-10-11 17:45:00","BER","5129","1-3","4","17","19","-11","-5","16","7"
"2014-10-11 18:00:00","5115","5121","0-3","3","28","31","-12","6","14","16"
"2014-10-19 18:00:00","5115","5117","0-3","3","29","39","3","3","3","1"
"2014-10-19 18:00:00","5120","5116","2-3","5","21","20","-4","18","5","1"
"2014-10-19 18:00:00","5121","5122","3-1","1","46","27","-7","-41","17","12"
"2014-10-19 18:00:00","5126","5129","3-0","0","25","20","21","0","11","1"
"2014-10-19 18:00:00","5128","5119","0-3","3","28","42","8","-24","-2","17"
"2014-10-26 00:00:00","5118","5115","1-3","4","31","36","-19","-17","6","21"
"2014-10-26 18:00:00","5117","5121","2-3","5","26","33","4","-12","13","3"
"2014-10-26 18:00:00","5120","5129","3-2","2","25","29","7","9","8","-6"
"2014-10-26 18:00:00","5122","5127","3-0","0","56","35","-5","-26","12","-3"
"2014-10-26 18:00:00","5126","5128","0-3","3","15","22","-6","44","7","22"
"2014-11-02 00:00:00","5115","5119","3-1","1","41","23","14","3","18","12"
"2014-11-02 00:00:00","5120","5128","3-0","0","34","14","23","0","11","4"
"2014-11-02 18:00:00","5127","5117","3-0","0","38","16","14","-22","9","8"
"2014-11-09 00:00:00","5118","5117","3-2","2","39","25","4","-23","8","10"
"2014-11-09 18:00:00","5118","5117","3-2","2","37","22","18","-24","9","8"
"2014-11-09 18:00:00","5119","5127","3-1","1","28","19","-16","2","9","9"
"2014-11-09 18:00:00","5120","5122","0-3","3","18","26","-3","31","6","8"
"2014-11-09 18:00:00","5126","5121","3-2","2","35","30","-5","-6","7","14"
"2014-11-09 18:00:00","5128","5115","0-3","3","22","32","-15","8","21","20"
"2014-11-16 00:00:00","5117","5119","3-1","1","36","26","6","2","18","1"
"2014-11-16 18:00:00","5120","5115","2-3","5","43","34","13","-26","2","15"
"2014-11-16 18:00:00","5122","5118","3-2","2","34","24","3","-18","14","10"
"2014-11-16 18:00:00","5127","5126","2-3","5","28","33","2","17","20","6"
"2014-11-23 00:00:00","5126","5122","0-3","3","16","35","6","7","-13","15"
"2014-11-23 18:00:00","5119","5118","3-1","1","41","30","-9","-24","15","9"
"2014-11-23 18:00:00","5120","5117","3-1","1","35","25","8","-13","4","6"
"2014-11-23 18:00:00","5128","5127","1-3","4","21","24","10","-10","1","15"
"2014-11-23 18:00:00","5129","5121","3-2","2","32","33","-15","23","4","8"
"2014-11-30 00:00:00","5122","5119","0-3","3","42","41","-19","2","1","19"
"2014-11-30 18:00:00","5117","5126","3-0","0","42","30","-9","-9","23","-2"
"2014-11-30 18:00:00","5118","5116","3-0","0","33","24","-11","14","7","4"
"2014-11-30 18:00:00","5120","5127","0-3","3","23","30","-2","4","9","29"
"2014-11-30 18:00:00","5121","5128","3-0","0","48","7","12","-24","1","-6"
"2014-11-30 18:00:00","5127","5120","3-0","0","30","23","4","-2","29","9"
"2014-12-07 18:00:00","5115","5121","0-3","3","14","26","0","24","5","7"
"2014-12-07 18:00:00","5116","5117","3-1","1","30","22","15","22","5","7"
"2014-12-07 18:00:00","5120","5119","0-3","3","11","36","14","14","0","14"
"2014-12-08 18:00:00","5126","5118","0-3","3","23","32","-17","20","-11","1"
"2014-12-14 18:00:00","5118","5129","3-0","0","43","27","-5","-26","21","-8"
"2014-12-14 18:00:00","5120","5126","3-2","2","18","18","9","16","7","6"
"2014-12-14 18:00:00","5121","5119","1-3","4","18","35","12","13","0","3"
"2014-12-14 18:00:00","5127","5116","0-3","3","18","35","-7","17","2","8"
"2014-12-21 18:00:00","5120","5118","3-1","1","35","20","9","-24","11","23"
"2014-12-21 18:00:00","5127","5121","0-3","3","18","42","-3","31","4","22"
"2014-12-21 18:00:00","5128","5116","0-3","3","38","38","-17","-24","3","26"
"2014-12-21 18:00:00","5129","5119","0-3","3","23","52","-7","28","20","23"
"2014-12-26 00:00:00","5118","5128","3-2","2","37","22","6","-9","10","9"
"2014-12-26 18:00:00","5116","5122","3-1","1","32","20","24","0","28","16"
"2014-12-26 18:00:00","5117","5129","3-0","0","41","22","11","-9","9","5"
"2014-12-26 18:00:00","5120","5121","3-2","2","42","36","-15","-13","13","13"
"2015-01-03 00:00:00","5117","5115","3-0","0","40","27","-10","-23","10","-13"
"2015-01-03 00:00:00","5119","5128","3-0","0","42","25","-13","6","9","17"
"2015-01-03 00:00:00","5122","5121","2-3","5","23","22","-3","25","8","4"
"2015-01-03 20:30:00","5120","5116","0-3","3","16","28","16","-4","1","10"
"2015-01-03 20:30:00","5126","5129","2-3","5","32","31","-13","-7","2","8"
"2015-01-06 18:00:00","5115","5117","3-0","0","26","14","33","3","11","-2"
"2015-01-06 18:00:00","5119","5122","2-3","5","20","17","22","17","14","11"
"2015-01-11 18:00:00","5120","5129","1-3","4","14","33","-16","9","5","9"
"2015-01-11 18:00:00","5121","5117","3-0","0","43","14","17","-30","5","21"
"2015-01-11 18:00:00","5128","5126","1-3","4","16","29","7","7","13","10"
"2015-01-14 20:30:00","5115","5118","3-0","0","23","10","6","0","22","6"
"2015-01-14 20:30:00","5127","5122","3-2","2","31","33","2","7","18","17"
"2015-01-18 18:00:00","5117","5127","3-1","1","29","24","0","-6","3","0"
"2015-01-18 18:00:00","5119","5115","1-3","4","23","24","-6","9","11","13"
"2015-01-18 18:00:00","5120","5128","1-3","4","23","24","17","6","3","9"
"2015-01-18 18:00:00","5122","5129","3-0","0","41","16","10","-8","14","5"
"2015-01-25 18:00:00","5115","5128","2-3","5","28","23","6","14","10","17"
"2015-01-25 18:00:00","5117","5118","3-2","2","33","33","7","-9","11","4"
"2015-01-25 18:00:00","5120","5122","0-3","3","26","46","-19","-14","-11","1"
"2015-01-25 18:00:00","5127","5119","0-3","3","28","41","-12","22","12","31"
"2015-02-01 18:00:00","5119","5117","3-1","1","43","26","2","0","12","9"
"2015-02-01 18:00:00","5120","5115","1-3","4","28","36","-9","2","-14","-1"
"2015-02-01 18:00:00","5126","5127","3-1","1","41","18","17","-3","2","0"
"2015-02-15 18:00:00","5118","5119","1-3","4","18","22","8","18","-2","19"
"2015-02-15 18:00:00","5120","5117","1-3","4","19","37","-3","12","-1","14"
"2015-02-15 18:00:00","5121","5129","3-0","0","32","15","3","3","14","18"
"2015-02-15 18:00:00","5122","5126","3-1","1","34","22","20","2","20","-7"
"2015-02-15 18:00:00","5127","5128","3-0","0","50","23","-10","0","14","3"
"2015-02-22 18:00:00","5116","5118","1-3","4","27","26","-5","7","8","25"
"2015-02-22 18:00:00","5119","5122","3-2","2","18","14","10","15","13","4"
"2015-02-22 18:00:00","5120","5127","3-2","2","25","39","-29","7","7","0"
"2015-02-22 18:00:00","5126","5117","3-1","1","26","19","4","6","-13","2"
"2015-02-22 18:00:00","5128","5121","1-3","4","18","29","5","5","24","13"
"2015-03-01 18:00:00","5118","5126","2-3","5","23","28","-4","13","13","6"
"2015-03-01 18:00:00","5120","5119","2-3","5","19","19","15","8","5","8"
"2015-03-07 00:00:00","5120","5126","0-3","3","22","46","-6","-3","3","-1"
"2015-03-08 18:00:00","5119","5121","2-3","5","31","34","-8","4","23","14"
"2015-03-08 18:00:00","5129","5118","1-3","4","20","29","-19","12","10","20"
"2015-03-14 00:00:00","5120","5118","3-1","1","28","12","16","12","4","-2"
"2015-03-15 18:00:00","5121","5127","3-1","1","24","13","22","-9","5","14"
"2015-03-22 18:00:00","5120","5121","2-3","5","29","26","18","0","3","5"
"2015-10-02 20:30:00","5240","5239","3-0","0","37","14","12","-24","19","-4"
"2015-10-03 00:00:00","5245","M&G","1-3","4","26","42","-40","2","14","26"
"2015-10-04 18:00:00","5243","5237","3-2","2","20","16","14","12","10","10"
"2015-10-10 00:00:00","MOLFE","5245","3-2","2","39","31","-3","-14","9","13"
"2015-10-10 17:00:00","CAST","PER","0-3","3","21","27","-9","-15","14","9"
"2015-10-11 00:00:00","5252","5239","2-3","5","31","26","-1","4","4","10"
"2015-10-11 00:00:00","CAST","5245","0-3","3","27","32","-12","-19","0","8"
"2015-10-14 15:45:00","5241","VR","1-3","4","28","34","11","3","0","12"
"2015-10-17 16:30:00","5238","5245","1-3","4","35","20","14","-10","14","14"
"2015-10-17 18:30:00","5251","5235","2-3","5","30","32","-4","3","7","12"
"2015-10-21 19:30:00","5251","5233","1-3","4","19","35","8","9","4","8"
"2015-10-24 20:30:00","5238","5251","3-1","1","37","38","7","-24","18","4"
"2015-10-25 16:00:00","5237","5239","1-3","4","26","42","-22","4","18","13"
"2015-10-25 18:00:00","5241","5244","0-3","3","18","48","-21","-11","11","5"
"2015-10-25 18:00:00","5245","5240","3-2","2","39","24","9","-23","13","8"
"2015-10-30 20:30:00","5239","5247","3-1","1","32","18","0","-12","13","12"
"2015-10-31 20:30:00","5244","5246","1-3","4","16","28","10","18","15","7"
"2015-11-01 00:00:00","5251","5245","3-1","1","30","26","2","-14","13","-4"
"2015-11-01 12:00:00","5253","5252","3-2","2","17","32","-2","0","13","9"
"2015-11-01 18:00:00","5243","5241","1-3","4","29","32","-16","-21","15","14"
"2015-11-07 20:30:00","5246","5251","3-1","1","32","22","6","-10","-2","3"
"2015-11-08 12:00:00","5241","5240","2-3","5","31","27","-1","3","7","14"
"2015-11-08 16:00:00","5245","5238","3-1","1","39","30","0","-5","9","5"
"2015-11-08 18:00:00","5243","5239","3-2","2","30","37","-2","-11","7","14"
"2015-11-08 18:00:00","5252","5244","2-3","5","32","25","11","-5","6","8"
"2015-11-14 20:30:00","5252","5241","3-1","1","40","28","8","-36","13","0"
"2015-11-15 18:00:00","5244","5237","3-1","1","29","29","-8","-7","11","5"
"2015-11-21 20:30:00","5243","5251","3-1","1","26","21","16","2","21","11"
"2015-11-22 12:00:00","5245","5242","1-3","4","14","31","3","5","7","9"
"2015-11-22 16:00:00","5246","5240","3-1","1","41","17","2","-13","5","9"
"2015-11-22 18:00:00","5237","5252","3-1","1","40","29","-19","-11","8","19"
"2015-11-22 18:00:00","5238","5253","1-3","4","23","43","-12","-13","32","20"
"2015-11-22 18:00:00","5239","5244","3-2","2","35","34","2","2","4","17"
"2015-11-25 20:30:00","5240","5251","3-1","1","19","15","19","16","18","12"
"2015-11-28 20:30:00","5237","5240","3-1","1","35","31","15","-16","11","16"
"2015-11-29 12:00:00","5243","5244","0-3","3","4","22","16","26","19","16"
"2015-11-29 16:00:00","5252","5239","3-1","1","27","22","24","12","10","14"
"2015-11-29 18:00:00","5253","5242","2-3","5","36","38","16","-7","4","18"
"2015-12-04 20:30:00","5246","5247","3-1","1","33","24","9","-10","12","9"
"2015-12-05 00:00:00","5251","5237","3-0","0","45","22","0","-11","5","0"
"2015-12-05 20:30:00","5240","5253","3-2","2","30","43","-22","-4","9","7"
"2015-12-05 20:30:00","5242","5244","3-0","0","33","25","11","4","30","-15"
"2015-12-05 20:30:00","5243","5252","1-3","4","16","32","13","-3","24","14"
"2015-12-08 00:00:00","5251","5242","3-1","1","23","5","31","0","10","11"
"2015-12-08 00:00:00","5253","5245","3-1","1","39","30","-1","-16","17","9"
"2015-12-08 12:00:00","5252","5247","0-3","3","16","29","14","16","-3","12"
"2015-12-08 16:00:00","5244","5238","1-3","4","25","30","-33","2","26","13"
"2015-12-08 18:00:00","5237","5246","1-3","4","22","31","-4","8","14","3"
"2015-12-12 18:00:00","5247","5244","0-3","3","19","25","-15","-17","23","23"
"2015-12-13 00:00:00","5238","5239","3-1","1","35","16","13","-26","24","15"
"2015-12-13 16:00:00","5253","5251","3-1","1","30","30","2","-6","14","13"
"2015-12-13 18:00:00","5242","5240","3-1","1","38","35","-6","-14","18","13"
"2015-12-13 18:00:00","5246","5241","3-0","0","44","28","6","-39","19","7"
"2015-12-16 20:30:00","5243","5253","1-3","4","14","30","11","18","21","6"
"2015-12-16 20:30:00","5247","5245","0-3","3","11","30","9","32","7","15"
"2015-12-16 20:30:00","5252","5246","3-2","2","28","29","6","16","-3","10"
"2015-12-19 18:00:00","5251","5247","3-2","2","33","30","14","-18","2","17"
"2015-12-20 00:00:00","5238","5252","3-1","1","27","24","-4","9","33","18"
"2015-12-20 12:00:00","5243","5242","0-3","3","15","44","17","-2","5","21"
"2015-12-20 16:00:00","5246","5239","3-1","1","25","19","29","16","13","14"
"2015-12-22 00:00:00","5241","5242","3-1","1","21","28","7","7","9","9"
"2015-12-26 18:00:00","5242","5238","3-2","2","37","26","0","-4","18","6"
"2015-12-27 00:00:00","5239","5253","3-2","2","26","35","-15","-10","10","11"
"2015-12-27 18:00:00","5243","5246","3-1","1","24","19","10","-2","6","9"
"2015-12-27 18:00:00","5247","5240","3-0","0","41","28","-12","8","15","-1"
"2015-12-28 20:30:00","5241","5237","3-2","2","43","15","25","-15","10","14"
"2016-01-03 18:00:00","5237","5247","3-0","0","42","26","8","3","20","6"
"2016-01-03 18:00:00","5243","5238","2-3","5","28","25","7","-6","9","23"
"2016-01-03 18:00:00","5245","5241","0-3","3","24","28","-7","-22","5","19"
"2016-01-03 18:00:00","5251","5239","3-2","2","24","24","2","-1","21","11"
"2016-01-06 00:00:00","5239","5237","3-1","1","45","27","-14","2","19","26"
"2016-01-06 00:00:00","5251","5238","3-1","1","26","18","2","2","14","16"
"2016-01-07 20:30:00","5240","5245","1-3","4","24","36","-17","-5","17","6"
"2016-01-10 00:00:00","5245","5251","1-3","4","31","49","-26","-12","2","2"
"2016-01-10 18:00:00","5243","5241","1-3","4","23","27","5","3","5","9"
"2016-01-10 18:00:00","5246","5244","3-1","1","46","36","-20","-5","12","15"
"2016-01-10 18:00:00","5247","5239","1-3","4","35","32","-12","-4","8","1"
"2016-01-16 20:30:00","5238","5245","3-0","0","45","17","0","-19","-1","15"
"2016-01-17 16:00:00","5243","5239","3-2","2","39","31","-11","-5","9","14"
"2016-01-17 16:00:00","5244","5252","0-3","3","21","34","-10","14","-3","21"
"2016-01-17 18:00:00","5251","5246","0-3","3","26","46","-26","27","2","9"
"2016-01-23 20:30:00","5241","5252","3-0","0","35","22","-14","-20","20","3"
"2016-01-24 12:00:00","5251","5240","3-1","1","34","28","-2","-9","18","12"
"2016-01-24 18:00:00","5237","5244","2-3","5","33","38","-17","-2","16","11"
"2016-01-27 20:30:00","5242","5244","3-1","1","38","23","6","-12","14","20"
"2016-01-31 12:00:00","5252","5237","3-0","0","34","9","17","-5","19","14"
"2016-01-31 18:00:00","5243","5251","3-2","2","24","34","-2","-3","5","-2"
"2016-01-31 18:00:00","5244","5239","3-2","2","24","35","-5","-2","5","1"
"2016-01-31 18:00:00","5253","5238","3-1","1","43","32","11","-20","7","24"
"2016-02-01 00:00:00","5240","5246","3-2","2","36","35","7","12","26","11"
"2016-02-07 14:00:00","5242","5246","2-3","5","33","27","6","-6","-4","15"
"2016-02-13 20:30:00","5239","5252","3-0","0","48","28","5","-32","26","7"
"2016-02-13 20:30:00","5242","5253","1-3","4","35","33","-2","-24","4","16"
"2016-02-14 18:00:00","5240","5237","3-0","0","36","17","36","-15","3","30"
"2016-02-14 18:00:00","5243","5244","0-3","3","14","32","19","3","10","11"
"2016-02-20 20:30:00","5243","5252","2-3","5","31","30","-9","-5","24","5"
"2016-02-20 20:30:00","5253","5240","0-3","3","33","46","5","-3","9","16"
"2016-02-21 18:00:00","5237","5251","2-3","5","40","38","-26","-26","3","9"
"2016-02-21 18:00:00","5244","5242","3-0","0","37","40","-22","-29","17","1"
"2016-02-28 12:00:00","5246","5237","3-0","0","44","37","-8","-22","-2","9"
"2016-02-28 16:00:00","5242","5251","3-2","2","36","26","7","0","13","4"
"2016-02-28 18:00:00","5245","5253","3-1","1","35","35","0","0","22","-12"
"2016-03-05 00:00:00","5241","5246","3-0","0","34","31","21","-7","19","11"
"2016-03-06 00:00:00","5239","5238","3-1","1","38","18","7","-18","19","12"
"2016-03-06 18:00:00","5240","5242","0-3","3","25","20","10","2","-11","27"
"2016-03-09 00:00:00","5238","5237","3-1","1","35","30","7","-18","21","22"
"2016-03-09 20:30:00","5242","5241","3-0","0","47","14","-6","-32","22","-2"
"2016-03-09 20:30:00","5243","5253","0-3","3","16","34","-5","-3","20","21"
"2016-03-09 20:30:00","5246","5252","3-0","0","30","26","-5","2","15","5"
"2016-03-13 00:00:00","5252","5238","1-3","4","31","33","-16","2","4","23"
"2016-03-13 12:00:00","5243","5242","0-3","3","16","26","-3","30","5","22"
"2016-03-13 16:00:00","5239","5246","0-3","3","30","43","3","26","11","20"
"2016-03-20 00:00:00","5238","5242","2-3","5","33","26","-8","-15","11","12"
"2016-03-20 18:00:00","5243","5246","1-3","4","17","32","-8","8","0","0"
"2016-03-27 18:00:00","5243","5238","0-3","3","22","27","3","24","3","23"
"2016-09-15 17:30:00","5378","5366","3-2","2","36","29","-20","-11","9","6"
"2016-09-17 18:00:00","5369","5387","1-3","4","16","18","26","34","12","9"
"2016-09-17 18:00:00","RAV","5379","3-2","2","25","24","-5","22","17","5"
"2016-09-24 00:00:00","5363","YAKA","3-2","2","33","25","-15","-12","10","13"
"2016-09-28 00:00:00","5368","5377","3-2","2","34","34","7","-10","10","9"
"2016-09-28 18:00:00","5361","PAG","3-2","2","36","35","-6","7","11","13"
"2016-10-01 00:00:00","5367","5379","2-3","5","28","32","-23","-18","11","5"
"2016-10-01 17:00:00","5363","5362","2-3","5","26","25","-12","-10","-2","10"
"2016-10-08 19:30:00","5363","5364","3-2","2","23","20","0","10","13","15"
"2016-10-08 20:30:00","5369","5379","0-3","3","3","30","-13","26","16","22"
"2016-10-09 00:00:00","5376","5368","2-3","5","21","25","10","19","18","13"
"2016-10-09 16:00:00","5386","5366","3-1","1","27","34","0","8","19","0"
"2016-10-16 12:00:00","5369","5363","1-3","4","18","30","-17","12","15","11"
"2016-10-16 18:00:00","5364","5362","3-1","1","30","26","-6","13","36","15"
"2016-10-16 19:30:00","5366","5376","2-3","5","38","36","-15","13","-4","12"
"2016-10-16 19:30:00","5368","5386","1-3","4","28","39","-33","-6","-2","19"
"2016-10-23 00:00:00","5376","5377","0-3","3","21","41","-3","-10","-7","16"
"2016-10-23 18:00:00","5362","5386","3-0","0","28","20","12","-19","22","20"
"2016-10-23 18:00:00","5364","5379","3-1","1","42","32","-9","-20","15","13"
"2016-10-23 18:00:00","5369","5366","3-2","2","45","40","-24","0","11","-3"
"2016-10-29 18:00:00","5366","5364","3-0","0","38","28","4","-21","14","0"
"2016-10-29 20:30:00","5376","5362","3-2","2","20","16","7","0","7","14"
"2016-10-30 00:00:00","5379","5368","1-3","4","29","37","15","-12","21","20"
"2016-10-30 18:00:00","5386","5363","1-3","4","17","34","0","9","0","16"
"2016-11-06 00:00:00","5368","5377","3-2","2","37","38","-13","-22","17","12"
"2016-11-06 16:00:00","5369","5376","0-3","3","13","35","-9","36","5","-1"
"2016-11-06 18:00:00","5379","5362","1-3","4","13","33","-2","15","12","19"
"2016-11-06 19:30:00","5364","5386","3-0","0","38","23","22","-36","7","-2"
"2016-11-13 00:00:00","5366","5368","1-3","4","26","41","9","-8","7","9"
"2016-11-13 00:00:00","5369","5362","0-3","3","18","41","-12","-5","2","15"
"2016-11-13 00:00:00","5377","5364","0-3","3","15","36","-24","25","3","25"
"2016-11-13 12:00:00","5376","5363","3-0","0","34","8","11","-4","7","-2"
"2016-11-13 18:00:00","5386","5379","2-3","5","28","28","8","2","19","1"
"2016-11-16 19:00:00","5369","5377","1-3","4","18","39","2","6","8","1"
"2016-11-20 12:00:00","5379","5376","3-2","2","28","24","4","-3","6","14"
"2016-11-20 16:00:00","5368","5364","3-0","0","33","17","-3","5","0","16"
"2016-11-20 18:00:00","5369","5386","3-2","2","35","27","21","-9","11","17"
"2016-11-20 19:30:00","5363","5377","0-3","3","23","48","9","-2","-10","12"
"2016-11-27 00:00:00","5369","5364","1-3","4","30","44","-11","0","16","12"
"2016-11-27 18:00:00","5363","5379","3-2","2","31","42","-10","-5","25","4"
"2016-11-27 19:30:00","5366","5377","1-3","4","19","28","-2","33","5","13"
"2016-11-27 19:30:00","5368","5362","1-3","4","35","35","-26","-13","1","12"
"2016-12-03 20:30:00","5362","5363","3-1","1","34","30","-13","-21","17","11"
"2016-12-03 20:30:00","5369","5368","3-1","1","33","31","-10","-12","12","7"
"2016-12-03 20:30:00","5377","5386","3-0","0","42","26","-9","-21","10","-7"
"2016-12-03 20:30:00","5379","5366","0-3","3","8","38","-17","40","29","26"
"2016-12-08 00:00:00","5377","5362","1-3","4","17","32","-13","12","7","7"
"2016-12-08 18:00:00","5366","5386","3-0","0","41","21","18","-13","-1","8"
"2016-12-08 18:00:00","5368","5376","2-3","5","40","41","-4","-27","10","21"
"2016-12-08 19:30:00","5369","5379","3-1","1","25","12","5","17","16","1"
"2016-12-11 16:00:00","5369","5363","3-2","2","27","35","-15","-2","14","7"
"2016-12-11 18:00:00","5362","5364","0-3","3","17","41","-3","3","7","15"
"2016-12-11 19:30:00","5376","5366","3-2","2","36","27","19","-12","20","12"
"2016-12-15 20:30:00","5377","5370","2-3","5","33","35","-13","-15","1","9"
"2016-12-17 00:00:00","5386","5362","3-2","2","31","32","-27","-1","19","15"
"2016-12-18 00:00:00","5377","5376","3-1","1","41","37","20","-4","5","4"
"2016-12-18 16:00:00","5369","5366","0-3","3","13","46","-22","22","15","14"
"2016-12-26 16:30:00","5362","5376","2-3","5","32","28","-4","-16","15","27"
"2016-12-26 18:00:00","5364","5366","0-3","3","16","29","9","22","21","15"
"2016-12-26 18:00:00","5370","5372","0-3","3","25","45","-24","8","15","14"
"2016-12-26 19:30:00","5369","5377","0-3","3","21","52","-21","-22","0","5"
"2017-01-05 00:00:00","5377","5368","3-0","0","45","33","3","-33","11","3"
"2017-01-05 20:30:00","5369","5376","2-3","5","21","27","-4","9","8","6"
"2017-01-05 20:30:00","5378","5387","3-0","0","26","11","29","-5","23","15"
"2017-01-05 20:30:00","5386","5364","3-2","2","34","32","5","7","18","-2"
"2017-01-08 16:00:00","5365","5385","2-3","5","12","19","-3","44","14","11"
"2017-01-08 18:00:00","5369","5362","0-3","3","14","40","-13","-7","2","19"
"2017-01-08 18:00:00","5371","5375","3-0","0","34","8","12","-11","26","9"
"2017-01-08 18:00:00","5379","5386","3-1","1","34","27","0","-9","13","16"
"2017-01-08 18:00:00","5387","5372","3-0","0","36","24","-8","-11","14","11"
"2017-01-08 19:30:00","5364","5377","0-3","3","26","44","-8","17","-2","11"
"2017-01-15 16:00:00","5372","5371","2-3","5","27","31","11","6","13","13"
"2017-01-15 18:00:00","5364","5368","1-3","4","36","39","-26","-25","9","24"
"2017-01-15 19:30:00","5375","5361","3-0","0","26","15","24","18","8","8"
"2017-01-18 20:30:00","5361","5378","1-3","4","25","33","-3","4","19","14"
"2017-01-18 20:30:00","5365","5387","1-3","4","11","19","3","12","9","1"
"2017-01-19 20:30:00","5369","5386","1-3","4","8","30","-7","13","17","5"
"2017-01-21 20:30:00","5362","5368","2-3","5","25","35","-18","3","20","19"
"2017-01-21 20:30:00","5372","5365","3-1","1","22","14","24","-8","25","16"
"2017-01-22 12:00:00","5387","5371","3-0","0","41","24","-4","-38","15","18"
"2017-01-22 18:00:00","5369","5364","3-1","1","29","31","6","2","23","-1"
"2017-01-22 19:30:00","5367","5361","3-0","0","46","24","18","-20","13","23"
"2017-02-04 20:30:00","5361","5387","2-3","5","33","43","-16","-7","19","12"
"2017-02-04 20:30:00","5365","5378","0-3","3","10","19","2","19","3","4"
"2017-02-04 20:30:00","5371","5370","2-3","5","24","31","-2","2","9","21"
"2017-02-05 18:00:00","5369","5368","3-2","2","29","33","-16","5","19","15"
"2017-02-11 18:00:00","5369","5365","3-0","0","26","19","42","-9","15","10"
"2017-02-11 20:30:00","5372","5364","3-2","2","27","22","25","-9","13","21"
"2017-02-12 12:00:00","5371","5363","3-0","0","54","16","18","-42","26","2"
"2017-02-12 16:00:00","5361","5386","3-0","0","33","22","-17","10","20","9"
"2017-02-12 18:00:00","5387","5379","0-3","3","15","30","-22","5","11","22"
"2017-02-18 20:30:00","5369","5387","0-3","3","20","37","-27","2","16","-1"
"2017-02-19 16:00:00","5363","5361","0-3","3","22","50","-9","-3","0","18"
"2017-02-19 18:00:00","5364","5371","3-2","2","32","31","-19","10","17","18"
"2017-02-19 19:30:00","5386","5365","3-0","0","27","12","29","12","16","15"
"2017-02-22 20:30:00","5365","5363","3-2","2","19","21","-1","7","29","20"
"2017-02-22 20:30:00","5369","5372","1-3","4","37","55","-34","-11","13","3"
"2017-02-22 20:30:00","5387","5386","1-3","4","17","36","-8","17","7","23"
"2017-02-23 20:30:00","5361","5364","3-0","0","41","29","-14","0","13","15"
"2017-02-25 20:30:00","5386","5372","3-2","2","37","38","-18","-4","4","3"
"2017-02-26 12:00:00","5379","5361","3-2","2","36","23","6","0","14","8"
"2017-02-26 16:00:00","5363","5387","1-3","4","11","32","12","39","12","10"
"2017-02-26 18:00:00","5369","5371","3-0","0","40","11","24","-10","8","19"
"2017-02-26 19:30:00","5364","5365","3-2","2","24","21","11","7","27","24"
"2017-03-04 20:30:00","5372","5363","3-2","2","24","24","5","10","11","9"
"2017-03-05 16:00:00","5371","5386","3-0","0","43","19","3","8","23","14"
"2017-03-05 18:00:00","5365","5379","3-0","0","32","-1","36","-9","16","2"
"2017-03-05 18:00:00","5369","5361","3-2","2","37","43","-17","-11","5","7"
"2017-03-05 18:00:00","5387","5364","1-3","4","19","29","-13","15","15","19"
"2017-03-10 20:30:00","5386","5361","2-3","5","30","35","-11","-9","7","9"
"2017-03-11 16:00:00","5364","5372","3-2","2","22","34","-6","21","13","21"
"2017-03-12 18:00:00","5363","5371","1-3","4","31","35","-2","-20","11","19"
"2017-03-12 19:30:00","5369","5365","3-1","1","30","37","-7","0","7","1"
"2017-03-12 19:30:00","5379","5387","0-3","3","29","46","-26","-10","20","34"
"2017-03-16 20:00:00","5371","5364","3-0","0","32","20","10","-11","27","15"
"2017-03-18 20:30:00","5372","5379","2-3","5","31","30","-2","0","4","8"
"2017-03-19 16:00:00","5361","5363","3-1","1","41","23","6","-23","14","10"
"2017-03-19 19:30:00","5369","5387","0-3","3","17","42","-20","3","11","18"
"2017-03-22 20:30:00","5364","5361","0-3","3","27","51","0","0","18","24"
"2017-03-22 20:30:00","5369","5372","3-1","1","39","17","2","-24","17","4"
"2017-03-23 20:30:00","5379","5371","3-0","0","43","29","8","-22","16","8"
"2017-03-26 19:30:00","5361","5379","1-3","4","34","53","-18","9","19","0"
"2017-03-26 19:30:00","5369","5371","0-3","3","28","49","0","12","14","20"
"2017-04-01 20:30:00","5369","5361","3-0","0","46","12","18","-14","7","6"
"2017-04-01 20:30:00","5379","5365","3-0","0","31","5","48","-8","8","-10"
"2017-04-09 18:00:00","5369","5379","1-3","4","30","42","-12","4","11","6"
"2017-04-15 20:30:00","5369","5379","0-3","3","33","50","-26","3","2","8"
"2017-08-26 18:30:00","5516","5502","3-1","1","32","21","-13","-20","15","9"
"2017-09-09 00:00:00","5503","5507","3-0","0","23","12","9","-16","15","3"
"2017-09-09 17:30:00","5511","5524","3-1","1","28","25","-5","-12","14","2"
"2017-09-13 18:30:00","5489","5505","3-1","1","51","35","-15","-24","-3","7"
"2017-09-13 20:00:00","5511","5526","1-3","4","17","23","5","-11","0","-3"
"2017-09-13 20:30:00","5503","5507","3-1","1","33","22","-6","-6","-5","13"
"2017-09-16 17:00:00","5515","5509","2-3","5","24","31","-4","0","11","10"
"2017-09-16 17:30:00","5511","5524","1-3","4","18","28","-2","-2","3","1"
"2017-09-17 00:00:00","5521","5519","3-2","2","35","33","-10","-21","15","6"
"2017-09-24 16:00:00","5507","5516","2-3","5","20","16","1","-5","4","8"
"2017-09-24 16:00:00","5521","5520","3-1","1","36","40","11","10","12","-8"
"2017-09-24 18:00:00","5505","5501","3-2","2","24","12","17","-3","6","2"
"2017-09-24 18:00:00","5511","5509","1-3","4","22","27","13","-2","6","6"
"2017-09-29 18:30:00","5489","5505","2-3","5","23","24","8","-7","12","13"
"2017-10-01 00:00:00","5501","5521","3-1","1","43","37","-18","-31","9","14"
"2017-10-01 16:00:00","5509","5510","3-2","2","28","29","7","10","6","15"
"2017-10-01 16:00:00","5518","5507","3-0","0","47","19","33","-24","12","18"
"2017-10-01 18:00:00","5511","5516","1-3","4","20","36","2","9","18","16"
"2017-10-01 19:30:00","5520","5508","2-3","5","28","31","-12","-2","5","14"
"2017-10-07 20:30:00","5507","5510","3-1","1","29","27","-2","9","-1","-1"
"2017-10-07 20:30:00","5508","5501","3-0","0","43","24","24","-31","1","7"
"2017-10-08 19:30:00","5511","5505","0-3","3","19","59","-35","6","-2","1"
"2017-10-11 20:30:00","5501","5520","3-2","2","32","31","8","-10","26","-1"
"2017-10-11 20:30:00","5508","5509","3-1","1","39","28","-11","2","14","-4"
"2017-10-11 20:30:00","5510","5521","2-3","5","26","25","0","-7","12","5"
"2017-10-11 20:30:00","5511","5507","0-3","3","21","31","-6","3","-5","-1"
"2017-10-14 20:30:00","5510","5505","2-3","5","13","22","20","10","11","11"
"2017-10-15 18:00:00","5518","5508","3-1","1","47","42","-3","-14","3","-1"
"2017-10-15 19:30:00","5511","5521","3-0","0","39","5","32","-7","18","2"
"2017-10-15 19:30:00","5516","5501","3-2","2","26","30","-6","5","14","27"
"2017-10-21 20:30:00","5501","5518","1-3","4","21","27","2","5","22","-4"
"2017-10-22 16:00:00","5520","5507","3-1","1","36","24","-2","-32","4","4"
"2017-10-22 18:00:00","5508","5510","3-2","2","33","34","-16","4","13","2"
"2017-10-28 20:30:00","5518","5520","3-0","0","38","30","-3","-13","5","6"
"2017-10-29 18:00:00","5511","5510","1-3","4","8","37","-11","14","-5","8"
"2017-11-01 18:00:00","5501","5507","3-0","0","33","29","-13","-15","21","10"
"2017-11-01 18:00:00","5511","5508","0-3","3","16","40","-15","3","-18","4"
"2017-11-01 18:00:00","5518","5509","3-1","1","38","24","2","11","6","22"
"2017-11-01 18:00:00","5520","5510","1-3","4","31","26","-3","5","-8","28"
"2017-11-04 00:00:00","5509","5520","3-1","1","42","19","10","-27","21","10"
"2017-11-04 20:30:00","5511","5501","3-1","1","28","15","25","-6","10","-2"
"2017-11-05 18:00:00","5505","5508","3-2","2","21","16","11","-19","6","2"
"2017-11-05 19:30:00","5516","5518","1-3","4","26","34","-15","0","10","17"
"2017-11-11 20:30:00","5520","5505","1-3","4","38","33","-11","-24","-2","16"
"2017-11-12 18:00:00","5508","5507","3-0","0","26","13","6","-16","7","9"
"2017-11-12 18:00:00","5511","5518","0-3","3","19","40","-13","0","0","15"
"2017-11-12 18:00:00","5516","5510","0-3","3","19","36","25","-11","-3","4"
"2017-11-12 19:30:00","5501","5509","3-1","1","30","23","8","7","24","23"
"2017-11-18 20:30:00","5505","5518","3-1","1","29","21","-13","-5","18","-2"
"2017-11-18 20:30:00","5509","5516","3-0","0","27","20","12","-19","6","11"
"2017-11-18 20:30:00","5511","5520","3-1","1","31","16","2","-12","1","9"
"2017-11-25 20:30:00","5511","5509","0-3","3","21","28","3","-14","0","14"
"2017-11-25 20:30:00","5516","5507","3-0","0","48","25","-13","-20","12","17"
"2017-11-26 16:00:00","5501","5505","3-1","1","28","30","13","-3","8","16"
"2017-11-26 19:30:00","5520","5521","3-2","2","24","26","7","7","12","13"
"2017-11-30 20:30:00","5505","5526","3-1","1","42","38","-11","-27","12","7"
"2017-12-02 20:30:00","5507","5518","0-3","3","36","33","-22","-5","4","13"
"2017-12-02 20:30:00","5521","5501","3-1","1","34","23","-6","5","5","2"
"2017-12-03 18:00:00","5511","5516","2-3","5","19","18","8","0","6","12"
"2017-12-06 20:30:00","5521","5510","1-3","4","23","30","8","13","1","13"
"2017-12-09 20:30:00","5511","5505","1-3","4","13","27","30","-6","-12","14"
"2017-12-10 16:00:00","5518","5521","3-1","1","29","30","-2","-13","21","21"
"2017-12-10 19:30:00","5510","5507","3-0","0","31","11","9","-6","1","2"
"2017-12-13 20:30:00","5509","5508","0-3","3","20","55","-33","-3","15","16"
"2017-12-13 20:30:00","5511","5507","0-3","3","20","28","0","0","-3","9"
"2017-12-13 20:30:00","5520","5501","1-3","4","26","33","-10","14","-2","9"
"2017-12-16 20:30:00","5501","5516","1-3","4","22","29","6","-4","19","17"
"2017-12-17 15:30:00","5508","5518","3-0","0","51","17","10","0","-1","-2"
"2017-12-17 18:00:00","5511","5521","3-2","2","25","25","8","19","10","8"
"2017-12-17 19:30:00","5505","5510","2-3","5","24","16","9","14","7","25"
"2017-12-20 20:30:00","5503","5508","3-0","0","32","22","0","-15","9","3"
"2017-12-20 20:30:00","5505","5510","3-1","1","32","25","0","-3","12","2"
"2017-12-26 16:00:00","5510","5508","3-1","1","32","33","-3","-8","13","10"
"2017-12-26 19:30:00","5518","5501","0-3","3","15","57","-15","11","-5","16"
"2017-12-30 16:00:00","5511","5510","3-2","2","26","23","-2","9","17","7"
"2017-12-30 18:00:00","5520","5518","2-3","5","25","24","10","10","7","11"
"2017-12-30 20:30:00","5508","5516","3-0","0","49","20","8","-17","15","-14"
"2018-01-03 20:30:00","5507","5501","3-2","2","31","33","-12","-2","11","4"
"2018-01-03 20:30:00","5509","5518","3-0","0","34","13","13","3","20","4"
"2018-01-03 20:30:00","5510","5520","3-0","0","31","13","38","0","17","8"
"2018-01-03 20:30:00","5511","5508","0-3","3","15","33","-15","3","3","19"
"2018-01-06 18:00:00","5518","5516","3-2","2","30","29","-2","0","9","15"
"2018-01-07 16:00:00","5520","5509","2-3","5","23","24","10","1","12","15"
"2018-01-07 19:30:00","5511","5501","0-3","3","14","22","-8","13","-5","14"
"2018-01-14 16:00:00","5511","5518","3-2","2","22","23","7","25","12","16"
"2018-01-14 19:30:00","5505","5520","3-0","0","34","16","13","-5","4","8"
"2018-09-14 19:00:00","5653","1015","1-3","4","31","31","-21","-6","6","20"
"2018-09-20 17:00:00","5649","5646","1-3","4","14","33","-3","25","14","0"
"2018-09-22 18:00:00","1015","5653","1-3","4","15","31","-31","-11","5","5"
"2018-09-22 19:00:00","5649","5640","3-0","0","31","10","13","-16","1","-8"
"2018-09-26 18:15:00","5641","5654","1-3","4","29","32","-5","6","-5","7"
"2018-09-29 00:00:00","5649","5646","1-3","4","31","25","16","-3","0","1"
"2018-09-29 17:30:00","1015","5653","3-0","0","34","32","11","-16","12","-10"
"2018-09-29 19:15:00","5659","5654","2-3","5","26","31","2","-13","4","4"
"2018-10-03 17:30:00","5639","5643","3-1","1","36","14","10","-14","18","-11"
"2018-10-03 20:30:00","5654","5667","3-1","1","37","21","0","-11","0","14"
"2018-10-04 00:00:00","5669","5650","1-3","4","30","42","-26","-14","10","15"
"2018-10-05 18:00:00","5654","5659","3-2","2","40","21","11","-20","8","1"
"2018-10-06 00:00:00","5650","5639","1-3","4","25","30","-11","-2","5","6"
"2018-10-07 18:00:00","5667","5660","3-1","1","29","34","-14","-4","21","-5"
"2018-10-10 20:30:00","5669","5643","1-3","4","12","25","-17","14","12","20"
"2018-10-13 20:30:00","5667","5657","1-3","4","34","32","-3","-7","9","5"
"2018-10-14 00:00:00","5649","5653","3-2","2","29","30","-4","-24","2","1"
"2018-10-14 19:00:00","5650","5643","0-3","3","18","42","-24","14","16","-4"
"2018-10-20 17:00:00","5643","5653","3-2","2","40","31","0","-13","9","18"
"2018-10-20 20:30:00","5668","5650","3-1","1","26","19","0","8","9","10"
"2018-10-21 18:00:00","5659","5667","3-1","1","36","21","-8","-2","9","6"
"2018-10-21 19:00:00","5657","5655","3-0","0","35","14","5","-26","23","6"
"2018-10-27 17:00:00","5643","5641","2-3","5","28","43","-5","-2","16","6"
"2018-10-28 18:00:00","5657","5660","2-3","5","25","31","-17","12","8","13"
"2018-10-28 19:00:00","5667","5654","2-3","5","22","28","-24","3","3","-2"
"2018-11-01 18:00:00","5641","5653","3-0","0","33","30","14","13","25","3"
"2018-11-01 18:00:00","5659","5657","0-3","3","18","34","-3","2","6","12"
"2018-11-01 18:00:00","5668","5643","2-3","5","29","29","-7","6","8","18"
"2018-11-04 18:00:00","5651","5641","1-3","4","27","37","-22","15","1","12"
"2018-11-04 18:00:00","5653","5659","3-2","2","38","43","-19","-4","25","16"
"2018-11-04 18:00:00","5657","5668","3-0","0","46","27","-16","-7","19","-9"
"2018-11-09 20:30:00","5641","5650","3-1","1","42","18","0","-7","7","0"
"2018-11-10 20:30:00","5655","5651","3-2","2","32","28","6","12","23","9"
"2018-11-10 20:30:00","5660","5653","3-0","0","38","8","25","-22","7","-2"
"2018-11-10 20:30:00","5668","5667","2-3","5","22","28","2","7","7","5"
"2018-11-11 19:00:00","5659","5643","3-2","2","22","20","14","-13","10","14"
"2018-11-18 18:00:00","5650","5660","0-3","3","23","43","-12","6","6","12"
"2018-11-18 18:00:00","5653","5668","3-1","1","35","21","-15","-12","8","6"
"2018-11-18 18:00:00","5655","5654","3-1","1","31","27","4","2","18","-1"
"2018-11-18 18:00:00","5657","5641","1-3","4","27","33","-2","3","11","7"
"2018-11-18 19:00:00","5651","5646","3-1","1","36","35","-17","-16","17","25"
"2018-11-25 18:00:00","5659","5668","1-3","4","15","24","4","12","7","18"
"2018-11-25 18:00:00","5660","5655","3-2","2","29","24","7","-3","-2","15"
"2018-12-02 18:00:00","5646","5653","3-2","2","34","18","1","-20","13","17"
"2018-12-02 18:00:00","5655","5659","3-1","1","38","26","4","-26","6","-2"
"2018-12-02 18:00:00","5660","5643","3-0","0","42","20","28","-24","12","0"
"2018-12-08 18:00:00","5650","5646","0-3","3","19","36","-10","20","-5","21"
"2018-12-09 18:00:00","5653","5657","3-0","0","31","22","9","-8","30","13"
"2018-12-09 18:00:00","5667","5655","1-3","4","21","34","5","-16","10","6"
"2018-12-16 16:00:00","5651","5650","3-1","1","31","26","-6","-2","19","9"
"2018-12-16 18:00:00","5654","5653","3-0","0","48","19","14","-7","3","9"
"2018-12-22 16:00:00","5643","5646","3-1","1","25","21","2","-3","14","8"
"2018-12-23 18:00:00","5653","5667","3-1","1","32","21","16","17","20","13"
"2018-12-23 18:00:00","5657","5654","1-3","4","29","37","-13","0","5","11"
"2018-12-23 18:00:00","5659","5650","3-0","0","41","34","-18","-7","24","6"
"2018-12-26 19:00:00","5654","5668","3-0","0","40","31","8","-21","0","-7"
"2018-12-26 19:00:00","5667","5641","1-3","4","31","45","5","6","6","22"
"2018-12-29 16:00:00","5643","5650","3-1","1","35","33","-9","-3","18","15"
"2018-12-30 18:00:00","5657","5667","3-1","1","38","11","39","-18","7","11"
"2018-12-30 19:00:00","5660","5654","3-1","1","37","25","13","-6","8","-4"
"2019-01-05 20:30:00","5653","5643","2-3","5","31","22","13","28","18","33"
"2019-01-06 18:00:00","5650","5668","2-3","5","28","37","-4","-18","18","12"
"2019-01-06 18:00:00","5655","5657","3-2","2","33","33","-18","8","18","10"
"2019-01-06 18:00:00","5667","5659","3-2","2","26","24","3","6","19","7"
"2019-01-11 20:30:00","5641","5643","3-0","0","49","1","13","-22","7","-6"
"2019-01-13 18:00:00","5659","5651","3-1","1","38","35","-8","-18","14","-1"
"2019-01-13 18:00:00","5660","5657","3-1","1","37","27","6","-19","18","4"
"2019-01-13 19:00:00","5654","5667","3-0","0","43","39","-31","-44","26","3"
"2019-01-19 17:00:00","5643","5668","1-3","4","22","31","-22","-6","26","6"
"2019-01-20 18:00:00","5657","5659","3-0","0","45","26","-6","-43","16","11"
"2019-01-26 20:30:00","5659","5653","3-1","1","28","25","21","2","17","2"
"2019-01-26 20:30:00","5668","5657","3-2","2","27","30","-5","-9","-4","4"
"2019-01-27 18:00:00","5641","5651","3-2","2","28","23","11","2","12","-4"
"2019-02-02 17:00:00","5643","5659","2-3","5","26","36","-10","17","23","14"
"2019-02-03 18:00:00","5667","5668","2-3","5","35","44","-25","-2","24","5"
"2019-02-03 19:00:00","5650","5641","3-0","0","54","28","10","-42","16","2"
"2019-02-13 20:30:00","5641","5657","3-0","0","30","13","-5","-13","6","5"
"2019-02-16 20:30:00","5668","5653","3-2","2","33","31","2","-16","25","1"
"2019-02-17 18:00:00","5654","5655","3-0","0","35","25","-8","3","10","7"
"2019-02-17 18:00:00","5660","5650","3-0","0","40","33","-13","3","7","-10"
"2019-02-23 20:30:00","5668","5659","0-3","3","29","34","-22","-11","3","15"
"2019-02-24 19:00:00","5655","5660","1-3","4","19","46","-3","6","4","18"
"2019-03-02 17:00:00","5643","5660","0-3","3","20","31","-3","21","1","9"
"2019-03-02 20:30:00","5659","5655","3-0","0","48","13","19","-23","8","8"
"2019-03-03 18:00:00","5653","5646","3-2","2","33","30","-5","-5","-1","22"
"2019-03-09 20:30:00","5651","5643","3-0","0","25","11","2","-5","25","9"
"2019-03-10 18:00:00","5646","5650","3-1","1","43","34","-22","-8","20","6"
"2019-03-10 18:00:00","5649","5660","3-2","2","26","30","7","0","9","7"
"2019-03-10 18:00:00","5655","5667","3-1","1","22","22","0","-2","12","7"
"2019-03-17 16:00:00","5650","5651","2-3","5","32","30","-11","3","15","15"
"2019-03-17 17:00:00","5667","5646","3-2","2","31","31","-24","8","0","-2"
"2019-03-17 19:00:00","5649","5655","3-1","1","33","16","-15","-5","8","-1"
"2019-10-20 00:00:00","5811","5814","1-3","4","42","36","0","-8","-3","20"
"2019-10-20 18:00:00","5809","5819","3-2","2","39","46","-18","-4","2","5"
"2019-10-20 18:00:00","5812","5813","3-0","0","31","27","-11","-3","25","-3"
"2019-10-20 18:00:00","5813","5812","0-3","3","30","35","-5","-11","-6","21"
"2019-10-20 18:00:00","5820","5831","3-2","2","28","24","-3","-3","17","6"
"2019-10-20 18:00:00","5831","5820","2-3","5","24","30","0","3","9","17"
"2019-10-27 17:00:00","5813","5815","3-2","2","32","34","-4","-12","-2","2"
"2019-10-27 18:00:00","5809","5820","3-1","1","31","18","11","-21","16","16"
"2019-10-27 18:00:00","5811","5819","3-2","2","40","45","-35","-19","12","7"
"2019-10-27 18:00:00","5812","5817","3-0","0","46","24","0","-29","-3","12"
"2019-10-27 18:00:00","5820","5809","1-3","4","18","33","-10","11","16","12"
"2019-10-27 18:00:00","5831","5814","3-1","1","49","26","3","-29","15","12"
"2019-11-02 18:30:00","5809","5817","3-1","1","39","28","17","-16","6","24"
"2019-11-03 00:00:00","5811","5831","3-2","2","29","27","13","-7","-3","13"
"2019-11-03 18:00:00","5812","5820","1-3","4","25","42","-8","2","8","14"
"2019-11-03 18:00:00","5813","5814","3-2","2","30","37","0","-7","-1","5"
"2019-11-03 18:00:00","5820","5812","3-1","1","43","28","-2","-11","13","6"
"2019-11-03 18:00:00","5831","5811","3-2","2","28","29","-15","13","11","-2"
"2019-11-09 20:30:00","5812","5810","3-0","0","52","21","-13","-19","10","0"
"2019-11-09 20:30:00","5820","5814","3-1","1","32","39","-21","-17","8","7"
"2019-11-10 18:00:00","5809","5811","3-0","0","48","31","-3","-21","30","5"
"2019-11-10 18:00:00","5811","5809","0-3","3","30","48","-29","0","0","18"
"2019-11-10 18:00:00","5813","5816","2-3","5","28","34","-20","9","9","6"
"2019-11-10 18:00:00","5831","5817","3-2","2","33","21","20","-14","-3","7"
"2019-11-17 00:00:00","5811","5810","3-2","2","31","28","-9","-9","11","7"
"2019-11-17 18:00:00","5809","5812","3-1","1","31","29","3","4","18","15"
"2019-11-17 18:00:00","5812","5809","1-3","4","28","29","6","2","13","19"
"2019-11-17 18:00:00","5820","5815","3-0","0","41","22","-8","7","14","22"
"2019-11-24 00:00:00","5811","5812","0-3","3","15","28","-12","0","8","17"
"2019-11-24 17:00:00","5809","5813","3-1","1","43","33","13","-10","-1","3"
"2019-11-24 17:00:00","5813","5809","1-3","4","33","43","-17","22","-2","-2"
"2019-11-24 18:00:00","5812","5811","3-0","0","29","10","2","-16","16","5"
"2019-11-24 18:00:00","5820","5816","2-3","5","39","32","-15","-27","6","21"
"2019-11-24 18:00:00","5831","5815","3-2","2","40","39","-26","11","21","0"
"2019-12-01 18:00:00","5809","5831","1-3","4","18","40","-20","-2","9","6"
"2019-12-01 18:00:00","5811","5817","3-0","0","55","27","-10","-3","0","5"
"2019-12-01 18:00:00","5813","5820","1-3","4","32","37","2","-9","2","1"
"2019-12-01 18:00:00","5820","5813","3-1","1","37","32","-9","2","4","3"
"2019-12-01 18:00:00","5831","5809","3-1","1","39","18","-4","-4","6","12"
"2019-12-01 19:00:00","5812","5815","3-1","1","48","40","-10","-32","5","10"
"2019-12-03 19:00:00","5813","5831","1-3","4","29","46","-20","-9","-1","18"
"2019-12-03 19:00:00","5831","5813","3-1","1","46","29","-16","-22","21","0"
"2019-12-07 20:30:00","5831","5810","3-1","1","45","19","0","-10","20","-6"
"2019-12-08 00:00:00","5811","5815","3-2","2","26","29","-13","13","14","1"
"2019-12-08 18:00:00","5809","5816","1-3","4","30","30","12","8","-21","18"
"2019-12-08 18:00:00","5813","5817","3-2","2","38","27","-16","11","10","22"
"2019-12-08 18:00:00","5820","5819","3-2","2","27","20","9","11","16","5"
"2019-12-08 19:00:00","5812","5814","0-3","3","28","35","-18","-9","-1","13"
"2019-12-13 20:30:00","5809","5810","3-0","0","53","28","5","-23","8","-5"
"2019-12-15 17:00:00","5831","5819","0-3","3","20","49","-31","28","5","0"
"2019-12-15 18:00:00","5812","5816","2-3","5","29","32","-7","-2","7","7"
"2019-12-15 18:00:00","5820","5817","3-0","0","49","18","11","-19","4","13"
"2019-12-21 18:00:00","5813","5810","3-0","0","47","30","23","-17","-1","-6"
"2019-12-22 18:00:00","5809","5815","1-3","4","34","34","-14","14","5","19"
"2019-12-22 18:00:00","5811","5820","1-3","4","17","31","0","5","12","9"
"2019-12-22 18:00:00","5812","5819","1-3","4","28","38","-18","-4","6","4"
"2019-12-22 18:00:00","5820","5811","3-1","1","32","18","8","3","8","9"
"2019-12-22 18:00:00","5831","5816","3-1","1","37","30","0","-18","12","6"
"2019-12-26 00:00:00","5811","5816","0-3","3","11","28","15","18","8","12"
"2019-12-26 18:00:00","5812","5831","1-3","4","22","42","-18","7","8","12"
"2019-12-26 18:00:00","5813","5819","2-3","5","29","40","-17","7","9","3"
"2019-12-26 18:00:00","5820","5810","3-0","0","47","17","26","-9","25","2"
"2019-12-26 18:00:00","5831","5812","3-1","1","46","21","13","-17","11","3"
"2019-12-28 20:30:00","5809","5814","3-2","2","37","40","-23","-21","-4","-2"
"2019-12-29 18:00:00","5813","5811","0-3","3","40","49","-34","-22","5","20"
"2020-01-05 18:00:00","5811","5814","2-3","5","23","33","12","44","23","33"
"2020-01-05 18:00:00","5812","5813","1-3","4","18","31","9","-6","13","-4"
"2020-01-05 18:00:00","5813","5812","3-1","1","31","17","-7","10","-9","8"
"2020-01-05 19:00:00","5809","5819","2-3","5","38","33","5","11","10","15"
"2020-01-05 19:00:00","5820","5831","3-0","0","48","33","0","-25","12","10"
"2020-01-05 19:00:00","5831","5820","0-3","3","33","48","-28","-11","16","11"
"2020-01-11 00:00:00","5811","5819","0-3","3","27","43","-13","6","8","20"
"2020-01-12 17:00:00","5813","5815","3-1","1","43","32","2","-20","-9","4"
"2020-01-12 18:00:00","5809","5820","1-3","4","27","32","7","4","14","22"
"2020-01-12 18:00:00","5812","5817","2-3","5","32","34","4","22","11","1"
"2020-01-12 18:00:00","5820","5809","3-1","1","32","28","5","-3","22","15"
"2020-01-12 18:00:00","5831","5814","2-3","5","31","39","-11","-4","11","6"
"2020-01-15 20:30:00","5820","5836","3-1","1","26","15","21","11","13","0"
"2020-01-15 20:30:00","5831","5830","1-3","4","40","43","-14","-2","7","10"
"2020-01-18 20:30:00","5809","5817","2-3","5","32","34","2","-3","11","25"
"2020-01-19 18:00:00","5811","5831","3-1","1","34","30","-5","2","9","6"
"2020-01-19 18:00:00","5812","5820","1-3","4","28","33","-8","9","17","5"
"2020-01-19 18:00:00","5813","5814","1-3","4","31","49","-27","-21","1","5"
"2020-01-19 18:00:00","5820","5812","3-1","1","32","28","14","-5","4","15"
"2020-01-19 18:00:00","5831","5811","1-3","4","30","34","0","-7","7","11"
"2020-01-26 00:00:00","5811","5809","0-3","3","40","56","-34","-3","13","8"
"2020-01-26 18:00:00","5809","5811","3-0","0","55","40","-11","-36","7","19"
"2020-01-26 18:00:00","5812","5810","3-1","1","30","29","-7","-2","15","5"
"2020-01-26 18:00:00","5813","5816","2-3","5","32","32","4","5","0","10"
"2020-01-26 18:00:00","5831","5817","3-1","1","35","30","0","-20","23","13"
"2020-01-26 19:00:00","5820","5814","1-3","4","39","34","-15","-15","-2","28"
"2020-02-01 18:00:00","5809","5812","1-3","4","25","34","14","7","0","13"
"2020-02-01 20:00:00","5831","5813","1-3","4","33","32","15","-7","8","22"
"2020-02-02 18:00:00","5811","5810","3-0","0","41","31","11","-14","13","2"
"2020-02-02 18:00:00","5812","5809","3-1","1","34","25","6","7","8","-2"
"2020-02-02 18:00:00","5820","5815","3-0","0","35","19","6","-7","4","6"
"2020-02-08 00:00:00","5812","5811","3-0","0","44","21","0","-33","16","11"
"2020-02-08 18:00:00","5811","5812","0-3","3","22","47","-20","11","18","19"
"2020-02-08 20:30:00","5820","5816","3-0","0","44","11","-7","-10","10","13"
"2020-02-09 17:00:00","5809","5813","2-3","5","34","33","-6","-32","12","8"
"2020-02-09 17:00:00","5813","5809","3-2","2","33","35","-28","-4","5","8"
"2020-02-09 18:00:00","5831","5815","3-0","0","34","11","30","7","22","9"
"2020-02-15 20:30:00","5812","5815","3-1","1","26","22","-12","-9","8","0"
"2020-02-16 00:00:00","5811","5817","0-3","3","22","33","13","12","1","4"
"2020-02-16 18:00:00","5809","5831","3-2","2","31","26","15","16","15","10"
"2020-02-16 18:00:00","5813","5820","3-2","2","34","28","-2","-8","-4","-4"
"2020-02-16 18:00:00","5816","5819","3-0","0","33","16","-2","0","19","10"
"2020-02-16 18:00:00","5820","5813","2-3","5","28","34","0","3","0","5"
"2020-02-16 18:00:00","5831","5809","2-3","5","25","31","16","16","8","10"
"2020-03-08 18:00:00","5809","5810","3-1","1","45","26","-2","-17","11","6"
"2020-03-08 18:00:00","5812","5816","3-1","1","35","26","-22","-7","17","7"
"2020-03-08 18:00:00","5820","5817","3-0","0","51","22","15","-10","22","-7"
"2020-03-08 18:00:00","5831","5819","2-3","5","28","37","-5","17","5","4"
"2020-03-08 19:00:00","5811","5813","3-1","1","34","20","24","-19","14","10"
"2020-03-08 19:00:00","5813","5811","1-3","4","20","34","-20","23","5","13"
"2020-09-19 18:00:00","5954","5964","3-1","1","34","22","-7","-27","8","-6"
"2020-09-26 18:00:00","5954","5984","3-1","1","28","13","14","-10","4","-4"
"2020-09-30 18:00:00","5954","5984","1-3","4","25","43","-13","0","0","3"
"2020-10-09 18:00:00","5955","5961","3-2","2","43","34","-9","-8","9","10"
"2020-10-09 18:30:00","5954","5957","3-1","1","36","36","-18","-18","8","0"
"2020-10-11 18:00:00","5959","5960","3-2","2","44","38","5","-35","8","1"
"2020-10-18 17:00:00","5961","5984","0-3","3","22","26","-9","11","-6","14"
"2020-10-18 17:00:00","5984","5961","3-0","0","26","22","11","-9","10","-7"
"2020-10-18 18:00:00","5954","5963","3-2","2","36","30","-13","-8","11","6"
"2020-10-18 18:00:00","5957","5958","2-3","5","41","44","-42","2","7","3"
"2020-10-18 18:00:00","5958","5957","3-2","2","44","41","2","-42","6","12"
"2020-10-18 18:00:00","5959","5983","3-2","2","37","29","2","-15","6","-16"
"2020-10-18 18:00:00","5983","5959","3-2","2","27","35","-15","2","-16","6"
"2020-10-24 19:00:00","5960","5984","1-3","4","23","26","5","4","9","-1"
"2020-10-24 19:00:00","5984","5960","3-1","1","25","22","4","5","-1","13"
"2020-10-25 17:00:00","5954","5959","0-3","3","16","35","-19","18","-10","8"
"2020-10-25 17:00:00","5961","5957","3-0","0","38","14","25","0","16","12"
"2020-10-25 18:00:00","5958","5955","3-1","1","36","26","15","-7","2","8"
"2020-10-25 18:00:00","5983","5956","3-0","0","27","7","11","-11","3","3"
"2020-11-01 18:00:00","5956","5957","3-1","1","38","24","9","-9","7","-4"
"2020-11-08 16:00:00","5957","5960","0-3","3","14","35","-11","13","18","7"
"2020-11-08 18:00:00","5954","5961","3-2","2","38","37","-6","-2","7","2"
"2020-11-08 18:00:00","5961","5954","2-3","5","38","37","4","0","13","10"
"2020-11-08 18:00:00","5962","5956","3-2","2","27","30","-3","13","0","23"
"2020-11-10 19:00:00","5983","5955","3-2","2","26","33","2","7","1","7"
"2020-11-15 16:00:00","5962","5983","3-0","0","38","23","30","-10","1","0"
"2020-11-15 16:00:00","5983","5962","0-3","3","23","38","-10","36","2","1"
"2020-11-15 18:00:00","5955","5960","1-3","4","20","29","-15","12","-14","3"
"2020-11-15 18:00:00","5958","5963","3-1","1","51","34","0","-34","4","17"
"2020-11-15 18:00:00","5963","5958","1-3","4","34","51","-34","0","15","4"
"2020-11-19 18:00:00","5958","5960","3-1","1","34","17","11","-11","3","6"
"2020-11-19 18:00:00","5960","5958","1-3","4","17","34","-11","13","6","3"
"2020-11-21 20:30:00","5961","5955","0-3","3","19","27","11","24","-5","14"
"2020-11-22 16:00:00","5984","5962","2-3","5","30","23","-7","17","6","9"
"2020-11-22 18:00:00","5957","5983","0-3","3","30","46","-22","-11","2","9"
"2020-11-22 18:00:00","5983","5957","3-0","0","46","29","-5","-22","9","0"
"2020-11-29 18:00:00","5955","5963","3-2","2","26","28","18","8","11","10"
"2020-11-29 18:00:00","5958","5983","1-3","4","27","25","-6","-2","12","12"
"2020-11-29 18:00:00","5961","5959","0-3","3","29","46","-12","10","0","18"
"2020-11-29 18:00:00","5962","5957","3-1","1","38","28","0","-16","-1","-1"
"2020-11-29 18:00:00","5983","5958","3-1","1","25","27","-2","-3","12","13"
"2020-12-02 19:00:00","5959","5984","3-1","1","29","22","12","-7","5","14"
"2020-12-02 19:00:00","5984","5959","1-3","4","22","29","-7","10","14","9"
"2020-12-06 18:00:00","5954","5955","0-3","3","33","51","3","-2","13","14"
"2020-12-06 18:00:00","5956","5959","0-3","3","28","30","-10","-2","7","4"
"2020-12-06 18:00:00","5958","5984","0-3","3","19","50","-21","7","2","10"
"2020-12-06 18:00:00","5963","5957","2-3","5","22","19","17","22","3","18"
"2020-12-06 18:00:00","5984","5958","3-0","0","51","19","5","-18","8","0"
"2020-12-06 19:00:00","5961","5962","3-1","1","32","22","-3","-7","24","13"
"2020-12-12 18:00:00","5957","5955","0-3","3","26","46","-18","-8","6","15"
"2020-12-12 19:00:00","5959","5963","3-0","0","38","24","14","11","-11","1"
"2020-12-13 18:00:00","5954","5956","1-3","4","25","37","19","8","1","9"
"2020-12-13 18:00:00","5958","5961","0-3","3","38","57","-32","-6","-9","18"
"2020-12-13 18:00:00","5961","5958","3-0","0","57","38","-10","-37","23","-9"
"2020-12-13 18:00:00","5962","5960","3-0","0","41","14","8","-28","1","-5"
"2020-12-13 18:00:00","5983","5984","3-2","2","24","23","22","18","17","-1"
"2020-12-13 18:00:00","5984","5983","2-3","5","22","24","18","22","1","18"
"2020-12-16 19:00:00","5959","5962","3-0","0","40","15","7","-24","0","0"
"2020-12-17 20:00:00","5961","5963","2-3","5","34","39","0","14","15","19"
"2020-12-19 18:00:00","5954","5984","1-3","4","21","31","-4","16","-1","15"
"2020-12-19 18:00:00","5961","5983","3-2","2","37","39","-7","-10","0","21"
"2020-12-19 18:00:00","5983","5961","3-2","2","39","37","-10","-7","21","-6"
"2020-12-19 18:00:00","5984","5954","3-1","1","28","21","16","4","15","-1"
"2020-12-20 18:00:00","5958","5962","3-0","0","36","27","4","-18","10","-4"
"2020-12-20 18:00:00","5959","5957","3-0","0","56","21","4","-21","5","0"
"2020-12-20 18:00:00","5960","5963","1-3","4","27","32","-7","-23","0","5"
"2020-12-20 18:00:00","5962","5958","0-3","3","27","36","-18","6","-6","5"
"2020-12-23 18:00:00","5984","5956","3-0","0","24","11","45","19","26","7"
"2020-12-23 20:30:00","5960","5983","2-3","5","36","35","12","-16","-9","3"
"2020-12-23 20:30:00","5983","5960","3-2","2","34","34","-14","10","4","-9"
"2020-12-26 18:00:00","5955","5959","1-3","4","21","36","0","16","8","4"
"2020-12-27 18:00:00","5957","5984","1-3","4","27","28","-12","-2","-2","5"
"2020-12-27 18:00:00","5961","5960","3-1","1","33","22","11","2","10","12"
"2020-12-27 18:00:00","5963","5983","1-3","4","30","44","-19","10","5","5"
"2020-12-27 18:00:00","5983","5963","3-1","1","44","28","13","-16","6","5"
"2020-12-27 18:00:00","5984","5957","3-1","1","27","27","-6","-12","7","-2"
"2020-12-28 17:00:00","5956","5961","1-3","4","27","33","-22","2","21","8"
"2020-12-28 17:00:00","5961","5956","3-1","1","33","27","2","-22","10","25"
"2020-12-30 16:00:00","5954","5960","3-1","1","35","28","-6","-2","11","10"
"2021-01-03 17:00:00","5961","5984","3-2","2","25","21","11","1","8","22"
"2021-01-03 17:00:00","5984","5961","2-3","5","23","25","3","11","21","6"
"2021-01-03 19:00:00","5983","5959","0-3","3","19","43","0","9","2","11"
"2021-01-04 15:15:00","5961","5957","1-3","4","32","28","-12","-2","13","7"
"2021-01-04 18:00:00","5954","5963","3-0","0","60","32","11","-22","5","5"
"2021-01-06 17:00:00","5984","5963","3-0","0","27","20","24","8","14","21"
"2021-01-09 18:00:00","5956","5983","3-2","2","34","23","9","-2","9","14"
"2021-01-09 18:00:00","5983","5956","2-3","5","22","32","-2","9","13","9"
"2021-01-10 15:15:00","5957","5961","3-1","1","28","32","-2","-12","6","13"
"2021-01-10 17:00:00","5984","5960","3-0","0","55","23","-11","-21","16","2"
"2021-01-10 18:00:00","5954","5959","0-3","3","18","37","8","13","-2","11"
"2021-01-13 18:00:00","5954","5957","3-0","0","42","34","-29","-28","11","5"
"2021-01-13 18:00:00","5984","5955","2-3","5","22","25","9","-1","3","-3"
"2021-01-17 18:00:00","5954","5983","0-3","3","27","43","-11","-11","-2","12"
"2021-01-17 18:00:00","5957","5956","0-3","3","4","33","-11","27","17","4"
"2021-01-17 18:00:00","5962","5959","0-3","3","24","32","-21","-4","-6","3"
"2021-01-17 18:00:00","5983","5954","3-0","0","44","26","-15","-4","12","-2"
"2021-01-17 18:00:00","5984","5955","3-1","1","29","18","0","5","19","-2"
"2021-01-17 19:00:00","5961","5963","0-3","3","34","39","-5","14","16","19"
"2021-01-20 17:00:00","5954","5983","3-0","0","50","14","23","-24","4","-8"
"2021-01-20 17:00:00","5983","5954","0-3","3","15","52","-40","13","-8","7"
"2021-01-20 19:30:00","5958","5956","0-3","3","23","47","-29","-5","5","14"
"2021-01-23 20:30:00","5956","5962","3-0","0","48","21","9","-18","15","0"
"2021-01-24 17:00:00","5954","5961","3-0","0","39","24","5","3","-5","-3"
"2021-01-24 17:00:00","5958","5959","0-3","3","17","41","-12","32","-33","-4"
"2021-01-24 17:00:00","5959","5958","3-0","0","41","17","32","-12","-4","-33"
"2021-01-24 17:00:00","5961","5954","0-3","3","27","41","3","2","6","0"
"2021-01-24 18:00:00","5960","5957","3-1","1","26","24","-8","-14","17","4"
"2021-01-24 18:00:00","5983","5955","1-3","4","28","42","-17","-7","-1","-1"
"2021-01-24 18:00:00","5984","5963","0-3","3","19","37","-10","-20","2","7"
"2021-01-27 19:00:00","5954","5958","3-0","0","44","36","-30","-16","5","-4"
"2021-01-27 19:00:00","5958","5954","0-3","3","37","45","-11","-38","0","4"
"2021-01-31 18:00:00","5954","5962","1-3","4","34","34","8","-4","3","11"
"2021-01-31 18:00:00","5958","5959","1-3","4","33","35","-10","5","-12","18"
"2021-02-03 18:00:00","5961","5956","2-3","5","28","29","-2","-4","24","25"
"2021-02-15 16:00:00","5521","5518","3-1","1","31","25","8","-13","21","27"
"2021-02-15 18:00:00","5363","5386","3-0","0","41","23","0","-37","17","8"
"2021-02-15 18:00:00","5654","5660","1-3","4","29","28","9","-8","0","7"
"2021-02-15 19:30:00","5362","5377","3-2","2","36","28","-9","-13","7","7"
"2021-02-15 20:00:00","5363","460","3-1","1","35","22","-4","-13","0","6"
